zona_censal_residencia;n;criterio
13101021001;1;No
13101021003;1;No
13101021006;1;No
13101021007;1;No
13101031003;1;No
13101031005;1;No
13101031006;1;No
13101031007;1;No
13101101004;1;No
13101101005;1;No
13101111002;1;No
13101111005;1;No
13101111010;1;No
13101111011;1;No
13101111016;1;No
13101131004;1;No
13101131009;1;No
13101281004;1;No
13101291001;1;No
13102011003;1;No
13102011004;1;No
13104071003;1;No
13106051002;1;No
13106051003;1;No
13106101005;1;No
13106131004;1;No
13108051004;1;No
13108071001;1;No
13110061001;1;No
13112051004;1;No
13114131002;1;No
13115021004;1;No
13118021005;1;No
13119051003;1;No
13119072006;1;No
13119231003;1;No
13120011005;1;No
13120061003;1;No
13123031006;1;No
13123031007;1;No
13123081001;1;No
13123081002;1;No
13123081004;1;No
13124062901;1;No
13124082010;1;No
13124082017;1;No
13125011007;1;No
13125031001;1;No
13126021006;1;No
13127031002;1;No
13127101002;1;No
13129071004;1;No
13130041002;1;No
13201021006;1;No
13201021007;1;No
13201041006;1;No
13201161010;1;No
13202012005;1;No
13202022007;1;No
13202022014;1;No
13301011006;1;No
13301031003;1;No
13301032013;1;No
13301061008;1;No
13302031005;1;No
13302032001;1;No
13401082002;1;No
13401082003;1;No
13401112015;1;No
13401122019;1;No
13402032004;1;No
13403021002;1;No
13403022014;1;No
13403032007;1;No
13404051001;1;No
13404062039;1;No
13501141005;1;No
13601012017;1;No
13601031003;1;No
13601032017;1;No
13602011007;1;No
13603011002;1;No
13603021001;1;No
13604042001;1;No
13605012002;1;No
13605022006;1;No
13101011001;2;No
13101011002;2;No
13101011003;2;No
13101011004;2;No
13101021002;2;No
13101021004;2;No
13101021005;2;No
13101101002;2;No
13101111001;2;No
13101111007;2;No
13101111008;2;No
13101111012;2;No
13101111019;2;No
13101121002;2;No
13101121005;2;No
13101121008;2;No
13101131001;2;No
13101131006;2;No
13101131008;2;No
13101221001;2;No
13105011003;2;No
13106011001;2;No
13107011007;2;No
13108031001;2;No
13111051003;2;No
13112011001;2;No
13113061003;2;No
13114011006;2;No
13114011007;2;No
13114131003;2;No
13114131009;2;No
13119051008;2;No
13119191005;2;No
13120021004;2;No
13120041001;2;No
13120081001;2;No
13122051003;2;No
13123031009;2;No
13123041008;2;No
13123061002;2;No
13123061004;2;No
13123081003;2;No
13125021009;2;No
13126031001;2;No
13126031003;2;No
13127011002;2;No
13127021001;2;No
13128041003;2;No
13128071002;2;No
13129011002;2;No
13129041001;2;No
13201021003;2;No
13201031010;2;No
13202021001;2;No
13301021003;2;No
13301022008;2;No
13302011007;2;No
13302041002;2;No
13401111003;2;No
13401122007;2;No
13402032010;2;No
13501011009;2;No
13503012006;2;No
13503012014;2;No
13601032006;2;No
13603022005;2;No
13604011001;2;No
13604012002;2;No
13101041004;3;No
13101101001;3;No
13101111015;3;No
13101131007;3;No
13101141003;3;No
13101191003;3;No
13101281006;3;No
13102041005;3;No
13103091004;3;No
13106061001;3;No
13106101002;3;No
13108071002;3;No
13110021003;3;No
13111051005;3;No
13112041004;3;No
13112051002;3;No
13112051005;3;No
13112081003;3;No
13114011003;3;No
13114011004;3;No
13114131001;3;No
13114131004;3;No
13114131005;3;No
13114131010;3;No
13115011011;3;No
13117071001;3;No
13119041001;3;No
13119071015;3;No
13119231007;3;No
13120031003;3;No
13120101004;3;No
13120111006;3;No
13122011002;3;No
13122071001;3;No
13123011001;3;No
13123011002;3;No
13123031001;3;No
13123031005;3;No
13124041005;3;No
13126041002;3;No
13127091003;3;No
13128041001;3;No
13201021009;3;No
13201031002;3;No
13201031008;3;No
13201181002;3;No
13201181004;3;No
13202012002;3;No
13202012009;3;No
13301032020;3;No
13301042021;3;No
13401082021;3;No
13401122006;3;No
13402012002;3;No
13404031001;3;No
13501121002;3;No
13504011001;3;No
13605021007;3;No
13101121001;4;No
13101141002;4;No
13101151004;4;No
13102031005;4;No
13103091002;4;No
13106021001;4;No
13106121002;4;No
13107051001;4;No
13108011004;4;No
13110051005;4;No
13112081008;4;No
13114011008;4;No
13116061003;4;No
13118031004;4;No
13118041002;4;No
13119191010;4;No
13120011008;4;No
13120061004;4;No
13120081003;4;No
13120101001;4;No
13120101006;4;No
13120111005;4;No
13121021001;4;No
13122041003;4;No
13123011007;4;No
13123021002;4;No
13123021005;4;No
13123021006;4;No
13123031011;4;No
13123041001;4;No
13123041006;4;No
13123041009;4;No
13124061013;4;No
13124071002;4;No
13125021021;4;No
13127011001;4;No
13127111001;4;No
13128021002;4;No
13128031001;4;No
13128081003;4;No
13129021001;4;No
13130041003;4;No
13130071003;4;No
13131021001;4;No
13132011004;4;No
13201021002;4;No
13201031009;4;No
13202011001;4;No
13301011007;4;No
13301011009;4;No
13301011015;4;No
13301022004;4;No
13301032001;4;No
13401051005;4;No
13401061014;4;No
13402011004;4;No
13402031001;4;No
13503012007;4;No
13101041005;5;No
13101051001;5;No
13101061003;5;No
13101091001;5;No
13101101003;5;No
13101111006;5;No
13101111014;5;No
13101111017;5;No
13101161003;5;No
13101271002;5;No
13104041001;5;No
13104051003;5;No
13106071001;5;No
13106101003;5;No
13106111001;5;No
13106131002;5;No
13106131003;5;No
13108041002;5;No
13108051001;5;No
13108051002;5;No
13110051003;5;No
13110061007;5;No
13110071002;5;No
13110141006;5;No
13112081005;5;No
13114031006;5;No
13114111004;5;No
13116011004;5;No
13116031004;5;No
13117031002;5;No
13118021001;5;No
13118041004;5;No
13118061006;5;No
13119141012;5;No
13120101003;5;No
13120111002;5;No
13120111003;5;No
13122051002;5;No
13123011004;5;No
13123021003;5;No
13123031004;5;No
13123031008;5;No
13123041010;5;No
13123061001;5;No
13124011001;5;No
13124011004;5;No
13124021005;5;No
13124051002;5;No
13125011003;5;No
13125011008;5;No
13127021004;5;No
13127061007;5;No
13127111004;5;No
13128091002;5;No
13129011005;5;No
13129071005;5;No
13130021001;5;No
13130071004;5;No
13201011004;5;No
13202012001;5;No
13301011002;5;No
13302011004;5;No
13302011006;5;No
13302041004;5;No
13401041002;5;No
13401061001;5;No
13402011003;5;No
13404011003;5;No
13501011005;5;No
13503011002;5;No
13602011004;5;No
13101031004;6;No
13101041001;6;No
13101051002;6;No
13101091004;6;No
13101131003;6;No
13101131005;6;No
13101151003;6;No
13101261001;6;No
13101271001;6;No
13101281005;6;No
13103021003;6;No
13104061002;6;No
13104081001;6;No
13105051002;6;No
13107011001;6;No
13109051002;6;No
13109061004;6;No
13110011004;6;No
13110141005;6;No
13110151005;6;No
13111041003;6;No
13111051002;6;No
13112021002;6;No
13114011005;6;No
13114131006;6;No
13118011004;6;No
13118061002;6;No
13119011004;6;No
13119021002;6;No
13119031005;6;No
13119051004;6;No
13119051009;6;No
13120061002;6;No
13121081002;6;No
13122041005;6;No
13123031002;6;No
13124061012;6;No
13124071003;6;No
13124091005;6;No
13127021003;6;No
13127091001;6;No
13128061004;6;No
13128071008;6;No
13128101004;6;No
13129011001;6;No
13129011004;6;No
13130041004;6;No
13130051001;6;No
13131051001;6;No
13131071002;6;No
13132011001;6;No
13132011006;6;No
13201011001;6;No
13201031006;6;No
13201041001;6;No
13201061007;6;No
13201131001;6;No
13201141007;6;No
13301011012;6;No
13301061005;6;No
13302011003;6;No
13401061015;6;No
13401081005;6;No
13401141001;6;No
13404032025;6;No
13501021002;6;No
13501021007;6;No
13101051003;7;No
13101071001;7;No
13101081003;7;No
13101151001;7;No
13101171002;7;No
13101191002;7;No
13101201003;7;No
13101271004;7;No
13101281003;7;No
13102021001;7;No
13104021001;7;No
13104031003;7;No
13104061001;7;No
13104071004;7;No
13106021002;7;No
13106111003;7;No
13106111004;7;No
13108011005;7;No
13108031003;7;No
13108041001;7;No
13108051005;7;No
13109011004;7;No
13109021001;7;No
13110011005;7;No
13110021004;7;No
13110191004;7;No
13110201001;7;No
13110201005;7;No
13110211002;7;No
13112071006;7;No
13113041001;7;No
13114031007;7;No
13114051003;7;No
13114111006;7;No
13114121004;7;No
13114131007;7;No
13114131008;7;No
13117021004;7;No
13117031004;7;No
13117041005;7;No
13117061001;7;No
13117071002;7;No
13117071003;7;No
13118021006;7;No
13118041001;7;No
13118061004;7;No
13119031002;7;No
13119151001;7;No
13119231004;7;No
13120011001;7;No
13120031001;7;No
13120071002;7;No
13120071004;7;No
13120081004;7;No
13121051003;7;No
13122071003;7;No
13122071005;7;No
13123011003;7;No
13123041007;7;No
13123041012;7;No
13124031003;7;No
13125021006;7;No
13126011003;7;No
13126071002;7;No
13126091004;7;No
13127031001;7;No
13127041004;7;No
13127061006;7;No
13127081001;7;No
13127081003;7;No
13127101001;7;No
13128021001;7;No
13128021003;7;No
13128031003;7;No
13128071005;7;No
13130061003;7;No
13131011001;7;No
13132021001;7;No
13132041003;7;No
13201041002;7;No
13201041007;7;No
13201131005;7;No
13201171008;7;No
13201181005;7;No
13301061003;7;No
13302011008;7;No
13303011002;7;No
13401061003;7;No
13402021001;7;No
13404081001;7;No
13501011002;7;No
13501011007;7;No
13501141004;7;No
13503061001;7;No
13602011006;7;No
13604031004;7;No
13604041005;7;No
13605031001;7;No
13101061001;8;No
13101081004;8;No
13101111018;8;No
13101181002;8;No
13101201001;8;No
13101211002;8;No
13102011001;8;No
13102031006;8;No
13102031007;8;No
13102041006;8;No
13103061001;8;No
13103061004;8;No
13103081001;8;No
13104031004;8;No
13104041004;8;No
13104051004;8;No
13104061003;8;No
13105091004;8;No
13106031001;8;No
13106061004;8;No
13106081002;8;No
13106081006;8;No
13106091001;8;No
13106111002;8;No
13106121001;8;No
13107041002;8;No
13107061001;8;No
13108011002;8;No
13108011003;8;No
13108021001;8;No
13108021004;8;No
13109061003;8;No
13110011001;8;No
13110021005;8;No
13110091003;8;No
13110121003;8;No
13110151004;8;No
13110161006;8;No
13110181004;8;No
13110201004;8;No
13112071005;8;No
13112081007;8;No
13113011001;8;No
13113011004;8;No
13114021004;8;No
13114101002;8;No
13114111001;8;No
13114121007;8;No
13116011005;8;No
13116051002;8;No
13117021005;8;No
13117031003;8;No
13117031005;8;No
13117041002;8;No
13117051003;8;No
13117061003;8;No
13117071004;8;No
13118021003;8;No
13118051004;8;No
13119031004;8;No
13119181002;8;No
13119181003;8;No
13120011009;8;No
13120111001;8;No
13121021004;8;No
13121031004;8;No
13121041004;8;No
13121061001;8;No
13121071002;8;No
13122011004;8;No
13122041001;8;No
13122041004;8;No
13122071002;8;No
13122071004;8;No
13122101003;8;No
13123011005;8;No
13123011006;8;No
13123071002;8;No
13124041001;8;No
13124041003;8;No
13124051004;8;No
13124071001;8;No
13125021003;8;No
13126021002;8;No
13126021003;8;No
13126031002;8;No
13127061001;8;No
13127061002;8;No
13128051002;8;No
13128061001;8;No
13128091003;8;No
13128101002;8;No
13129051004;8;No
13129071002;8;No
13130061004;8;No
13131041003;8;No
13131071004;8;No
13132011005;8;No
13132021007;8;No
13201031005;8;No
13201161005;8;No
13302041001;8;No
13401041004;8;No
13401141002;8;No
13404012032;8;No
13404081002;8;No
13501021005;8;No
13503061002;8;No
13602011008;8;No
13101161002;9;No
13101281002;9;No
13102031001;9;No
13103011001;9;No
13103031001;9;No
13103041002;9;No
13104051001;9;No
13104091002;9;No
13105051003;9;No
13106031002;9;No
13109041003;9;No
13110141004;9;No
13110141007;9;No
13111011003;9;No
13112031001;9;No
13112031005;9;No
13112041005;9;No
13112061002;9;No
13112061003;9;No
13112081006;9;No
13113011002;9;No
13113031004;9;No
13113041004;9;No
13114121006;9;No
13115021001;9;No
13115041002;9;No
13116061001;9;No
13118031006;9;No
13118051002;9;No
13118061001;9;No
13119011003;9;No
13119111002;9;No
13120061005;9;No
13120071005;9;No
13120071006;9;No
13120101005;9;No
13120111004;9;No
13122031011;9;No
13122081001;9;No
13122081004;9;No
13122091004;9;No
13122101001;9;No
13122101002;9;No
13123031003;9;No
13123041005;9;No
13124031002;9;No
13124041004;9;No
13124091002;9;No
13125021019;9;No
13126021005;9;No
13126091003;9;No
13127051003;9;No
13127061005;9;No
13127091002;9;No
13128021004;9;No
13129021003;9;No
13129031001;9;No
13130011001;9;No
13130031003;9;No
13132021004;9;No
13201051011;9;No
13201061001;9;No
13301011010;9;No
13301031001;9;No
13401031002;9;No
13401111002;9;No
13401131004;9;No
13402011002;9;No
13403051001;9;No
13501141001;9;No
13602011001;9;No
13603021004;9;No
13604041002;9;No
13605021003;9;No
13605021004;9;No
13101041002;10;No
13101081002;10;No
13101091002;10;No
13101151002;10;No
13101171003;10;No
13101181001;10;No
13102021003;10;No
13102041004;10;No
13103031002;10;No
13104031005;10;No
13104071002;10;No
13104081003;10;No
13105011001;10;No
13105081001;10;No
13106031003;10;No
13106051001;10;No
13106071003;10;No
13107021001;10;No
13107041001;10;No
13108031004;10;No
13108031005;10;No
13108051003;10;No
13109021005;10;No
13109041004;10;No
13109061002;10;No
13110011002;10;No
13110031005;10;No
13110051001;10;No
13110161001;10;No
13110161005;10;No
13111061002;10;No
13111081001;10;No
13112081004;10;No
13114011001;10;No
13114091004;10;No
13114111005;10;No
13114151002;10;No
13117011003;10;No
13117031006;10;No
13117041001;10;No
13117051001;10;No
13118061003;10;No
13118061005;10;No
13119121002;10;No
13119231002;10;No
13120011003;10;No
13120071003;10;No
13121021002;10;No
13121031003;10;No
13121051001;10;No
13121061003;10;No
13122011001;10;No
13122021004;10;No
13122101004;10;No
13123011008;10;No
13123031010;10;No
13123041004;10;No
13123041011;10;No
13124021002;10;No
13124031001;10;No
13124101002;10;No
13124101004;10;No
13125021014;10;No
13126061004;10;No
13126091001;10;No
13127051002;10;No
13127071004;10;No
13127081002;10;No
13127111003;10;No
13127121003;10;No
13127131003;10;No
13128081001;10;No
13128101001;10;No
13129021004;10;No
13129041002;10;No
13130031001;10;No
13130051003;10;No
13130071001;10;No
13131031001;10;No
13132021002;10;No
13201011005;10;No
13201071008;10;No
13201161002;10;No
13301011004;10;No
13302011002;10;No
13401051002;10;No
13401061002;10;No
13401061008;10;No
13401061010;10;No
13401071001;10;No
13401131003;10;No
13401141003;10;No
13404011001;10;No
13501141003;10;No
13601041001;10;No
13601041005;10;No
13604031003;10;No
13605031004;10;No
13605031007;10;No
13101041003;11;No
13101071002;11;No
13101071003;11;No
13101081001;11;No
13101091003;11;No
13102021004;11;No
13102031002;11;No
13103011002;11;No
13103021002;11;No
13103031003;11;No
13103051001;11;No
13104011003;11;No
13104031001;11;No
13104081004;11;No
13104091003;11;No
13105011005;11;No
13105101003;11;No
13106081001;11;No
13110021002;11;No
13110031001;11;No
13110031007;11;No
13110181002;11;No
13110191002;11;No
13110201002;11;No
13111021003;11;No
13111041001;11;No
13112041003;11;No
13112051007;11;No
13113071006;11;No
13114021003;11;No
13114031004;11;No
13114081002;11;No
13114111007;11;No
13114121002;11;No
13117011004;11;No
13117021001;11;No
13117021002;11;No
13117051002;11;No
13117061002;11;No
13118031003;11;No
13119031001;11;No
13119121001;11;No
13119141001;11;No
13119191001;11;No
13119231001;11;No
13120021005;11;No
13120091003;11;No
13122011003;11;No
13122081003;11;No
13122091001;11;No
13123041002;11;No
13124011003;11;No
13124021003;11;No
13124021004;11;No
13124061004;11;No
13124061020;11;No
13124091004;11;No
13125021018;11;No
13126021004;11;No
13127071002;11;No
13127121001;11;No
13128011002;11;No
13128071003;11;No
13128081004;11;No
13128091001;11;No
13129031004;11;No
13129041003;11;No
13129051002;11;No
13129061001;11;No
13132011002;11;No
13132051003;11;No
13201011006;11;No
13201021004;11;No
13201051009;11;No
13201161006;11;No
13201171003;11;No
13201181007;11;No
13201191004;11;No
13302011001;11;No
13401041003;11;No
13401061009;11;No
13401101004;11;No
13501021004;11;No
13601031001;11;No
13604031001;11;No
13604041001;11;No
13605021005;11;No
13101061002;12;No
13101201002;12;No
13101241001;12;No
13101251001;12;No
13101271003;12;No
13102031004;12;No
13103011003;12;No
13103081003;12;No
13104011002;12;No
13104021003;12;No
13104081002;12;No
13105011004;12;No
13105021001;12;No
13105081003;12;No
13105101001;12;No
13106041001;12;No
13107011006;12;No
13107011010;12;No
13108021002;12;No
13109051001;12;No
13110021006;12;No
13110141001;12;No
13110151003;12;No
13110211004;12;No
13111021002;12;No
13111021004;12;No
13112051009;12;No
13112071002;12;No
13112081002;12;No
13113021003;12;No
13113071004;12;No
13114021001;12;No
13114031005;12;No
13114101003;12;No
13114141004;12;No
13116021001;12;No
13116061002;12;No
13117051004;12;No
13119011005;12;No
13119021001;12;No
13119231005;12;No
13120051001;12;No
13120051004;12;No
13120071001;12;No
13120091001;12;No
13120101008;12;No
13121031001;12;No
13121041002;12;No
13121051002;12;No
13122061004;12;No
13124031004;12;No
13124041002;12;No
13124061023;12;No
13124101003;12;No
13125011006;12;No
13126061003;12;No
13127061003;12;No
13127131002;12;No
13128011001;12;No
13128011003;12;No
13129011003;12;No
13129021002;12;No
13129071001;12;No
13130051002;12;No
13130061001;12;No
13131061002;12;No
13132011003;12;No
13201011002;12;No
13201031001;12;No
13201161001;12;No
13201161004;12;No
13301061001;12;No
13401011001;12;No
13401061013;12;No
13401101003;12;No
13401141005;12;No
13402011005;12;No
13402011007;12;No
13404011002;12;No
13601031002;12;No
13604041004;12;No
13605021006;12;No
13605031003;12;No
13101211001;13;No
13101231001;13;No
13102011002;13;No
13103021004;13;No
13103061002;13;No
13103071001;13;No
13103071004;13;No
13104011001;13;No
13104031002;13;No
13104051002;13;No
13104051005;13;No
13105051001;13;No
13105061001;13;No
13105091002;13;No
13106081004;13;No
13106101001;13;No
13110011003;13;No
13110021001;13;No
13110051004;13;No
13110071004;13;No
13110101001;13;No
13110131002;13;No
13110151002;13;No
13110161002;13;No
13111031003;13;No
13111051001;13;No
13111061003;13;No
13112021004;13;No
13112031002;13;No
13114031001;13;No
13114111003;13;No
13115011003;13;No
13117011002;13;No
13118041003;13;No
13119011001;13;No
13119071008;13;No
13119111001;13;No
13119141005;13;No
13119181005;13;No
13119181007;13;No
13119201001;13;No
13120021006;13;No
13120031002;13;No
13120041003;13;No
13120051003;13;No
13121011001;13;No
13121031002;13;No
13122021003;13;No
13122061002;13;No
13123021004;13;No
13124011002;13;No
13124051001;13;No
13124061005;13;No
13124061010;13;No
13126021001;13;No
13127071003;13;No
13128051001;13;No
13128061003;13;No
13128061005;13;No
13128091004;13;No
13130011002;13;No
13201011003;13;No
13201061003;13;No
13201131003;13;No
13201161008;13;No
13401021002;13;No
13401061005;13;No
13401111006;13;No
13401121001;13;No
13402041003;13;No
13501011006;13;No
13602011002;13;No
13605011001;13;No
13605011002;13;No
13605031005;13;No
13101191001;14;No
13103011004;14;No
13103041001;14;No
13103071005;14;No
13104101003;14;No
13105031002;14;No
13105071004;14;No
13107011003;14;No
13107021003;14;No
13107031001;14;No
13107041003;14;No
13108021005;14;No
13108061001;14;No
13109011001;14;No
13109021004;14;No
13109061001;14;No
13110031006;14;No
13110051002;14;No
13110061003;14;No
13110141002;14;No
13110181001;14;No
13110181003;14;No
13110201003;14;No
13110211001;14;No
13110211003;14;No
13111031002;14;No
13112021003;14;No
13112031004;14;No
13112041007;14;No
13112071001;14;No
13112071003;14;No
13112071004;14;No
13112081001;14;No
13113021001;14;No
13114031003;14;No
13115021002;14;No
13116041001;14;No
13116041002;14;No
13116071002;14;No
13116071003;14;No
13117011001;14;No
13117031001;14;No
13118011002;14;No
13118011003;14;No
13118031002;14;No
13118051005;14;No
13119021008;14;No
13119031003;14;No
13119081002;14;No
13119111003;14;No
13119121003;14;No
13119141010;14;No
13119221001;14;No
13120021002;14;No
13120101002;14;No
13121041001;14;No
13121051004;14;No
13122031010;14;No
13122041002;14;No
13122081002;14;No
13122091003;14;No
13124061006;14;No
13124091003;14;No
13124101001;14;No
13125021002;14;No
13125041003;14;No
13126081002;14;No
13127041003;14;No
13127051001;14;No
13128041002;14;No
13128081002;14;No
13128101003;14;No
13129031002;14;No
13129031003;14;No
13129061002;14;No
13130051004;14;No
13131011003;14;No
13132041006;14;No
13201051001;14;No
13201051002;14;No
13201071001;14;No
13201071003;14;No
13201131004;14;No
13201151001;14;No
13201161009;14;No
13201181008;14;No
13301011001;14;No
13301061002;14;No
13303011001;14;No
13401031001;14;No
13401091004;14;No
13401111004;14;No
13401131001;14;No
13402011008;14;No
13501011001;14;No
13501021001;14;No
13603011001;14;No
13604041003;14;No
13605031002;14;No
13101171001;15;No
13103081002;15;No
13104021002;15;No
13104041003;15;No
13105011002;15;No
13105061002;15;No
13105091001;15;No
13106061002;15;No
13106061003;15;No
13106071002;15;No
13106081003;15;No
13108061002;15;No
13109021003;15;No
13109031002;15;No
13109051003;15;No
13110071001;15;No
13110101004;15;No
13110111004;15;No
13110121001;15;No
13110131003;15;No
13110171001;15;No
13110191001;15;No
13111081002;15;No
13111081004;15;No
13112011002;15;No
13112041002;15;No
13112051001;15;No
13112051003;15;No
13112051008;15;No
13112051010;15;No
13112081009;15;No
13113011003;15;No
13114011002;15;No
13114081005;15;No
13114091001;15;No
13114121001;15;No
13114161001;15;No
13116011003;15;No
13116031003;15;No
13116041004;15;No
13116071004;15;No
13118051003;15;No
13119101002;15;No
13119141002;15;No
13119181001;15;No
13119191008;15;No
13119221002;15;No
13120011007;15;No
13120061001;15;No
13121071004;15;No
13122031008;15;No
13122061003;15;No
13123021007;15;No
13123061003;15;No
13124061016;15;No
13125021011;15;No
13125021015;15;No
13125041004;15;No
13125041006;15;No
13125041015;15;No
13126061002;15;No
13127111002;15;No
13127121002;15;No
13128021006;15;No
13129051001;15;No
13129071003;15;No
13131031003;15;No
13131041002;15;No
13131061001;15;No
13132021003;15;No
13201051005;15;No
13201071002;15;No
13201091002;15;No
13201141001;15;No
13201181003;15;No
13301011005;15;No
13301061004;15;No
13302031003;15;No
13303021001;15;No
13401051001;15;No
13401061006;15;No
13401061012;15;No
13401071002;15;No
13401111005;15;No
13402041002;15;No
13404061003;15;No
13503011001;15;No
13604041006;15;No
13101141001;16;No
13101241002;16;No
13102021002;16;No
13102041001;16;No
13103041003;16;No
13104051006;16;No
13104101001;16;No
13107011002;16;No
13107011009;16;No
13107021002;16;No
13108011001;16;No
13109021002;16;No
13110111006;16;No
13110131001;16;No
13110141003;16;No
13110161004;16;No
13110171002;16;No
13111011001;16;No
13112041006;16;No
13113031002;16;No
13113041002;16;No
13113051002;16;No
13114021002;16;No
13114121003;16;No
13114121005;16;No
13114161002;16;No
13116031002;16;No
13117041004;16;No
13118031005;16;No
13119011002;16;No
13119081001;16;No
13119141011;16;No
13119161001;16;No
13119201006;16;No
13119201010;16;No
13119211002;16;No
13119231006;16;No
13119231008;16;No
13122021002;16;No
13122031001;16;No
13123041003;16;No
13124061019;16;No
13125021001;16;No
13125021012;16;No
13125021017;16;No
13125041002;16;No
13125041013;16;No
13126041001;16;No
13126061001;16;No
13127071001;16;No
13127111005;16;No
13128071006;16;No
13129051003;16;No
13131011004;16;No
13131051003;16;No
13131071001;16;No
13132021005;16;No
13201021008;16;No
13201081006;16;No
13201141006;16;No
13201141008;16;No
13201151002;16;No
13401011002;16;No
13401021001;16;No
13401081008;16;No
13401091001;16;No
13401101005;16;No
13402021002;16;No
13404061004;16;No
13501141002;16;No
13503011003;16;No
13604031002;16;No
13605021008;16;No
13103021005;17;No
13103091001;17;No
13104091001;17;No
13105051005;17;No
13105061003;17;No
13106041002;17;No
13106091002;17;No
13107011005;17;No
13107011008;17;No
13107031002;17;No
13108021003;17;No
13109041002;17;No
13110031003;17;No
13110061008;17;No
13110091001;17;No
13110121002;17;No
13110161003;17;No
13111011002;17;No
13111031001;17;No
13112051011;17;No
13113071003;17;No
13114011009;17;No
13114061002;17;No
13114091002;17;No
13115011002;17;No
13115011005;17;No
13115011006;17;No
13115041003;17;No
13118041005;17;No
13119071004;17;No
13119081004;17;No
13119091002;17;No
13119171002;17;No
13119221004;17;No
13120011002;17;No
13120021001;17;No
13121021003;17;No
13121081001;17;No
13122031009;17;No
13122051004;17;No
13123071001;17;No
13124061011;17;No
13124061015;17;No
13124091001;17;No
13125021004;17;No
13125041014;17;No
13126011002;17;No
13126071001;17;No
13127021002;17;No
13127041001;17;No
13127061004;17;No
13128031002;17;No
13130031002;17;No
13132021006;17;No
13132041005;17;No
13132041007;17;No
13132051002;17;No
13201051006;17;No
13201081008;17;No
13201101001;17;No
13201111004;17;No
13201121001;17;No
13201121006;17;No
13201151003;17;No
13301011008;17;No
13401051003;17;No
13401061007;17;No
13401081003;17;No
13401141004;17;No
13402011006;17;No
13403051002;17;No
13501011003;17;No
13605021001;17;No
13605021002;17;No
13102041003;18;No
13103011005;18;No
13103011006;18;No
13103071002;18;No
13104021004;18;No
13105021003;18;No
13105041001;18;No
13105071005;18;No
13105081004;18;No
13109011003;18;No
13110121004;18;No
13110171006;18;No
13112061001;18;No
13113031003;18;No
13113041003;18;No
13115021003;18;No
13115041005;18;No
13116011002;18;No
13116021002;18;No
13119051006;18;No
13119181004;18;No
13122021001;18;No
13122031004;18;No
13123021001;18;No
13123051002;18;No
13125041008;18;No
13129061003;18;No
13131011002;18;No
13131021002;18;No
13201031007;18;No
13201051003;18;No
13201061005;18;No
13201071004;18;No
13201071005;18;No
13201131002;18;No
13302031001;18;No
13302031002;18;No
13401061011;18;No
13401101001;18;No
13401131002;18;No
13605011003;18;No
13102031003;19;No
13105021002;19;No
13105061005;19;No
13105071001;19;No
13105091003;19;No
13106101004;19;No
13106141001;19;No
13106141002;19;No
13108031002;19;No
13109041001;19;No
13110031004;19;No
13110171004;19;No
13114031002;19;No
13114111002;19;No
13116011001;19;No
13116031001;19;No
13118021002;19;No
13119071013;19;No
13119201002;19;No
13120011004;19;No
13120011006;19;No
13120041002;19;No
13120041005;19;No
13120071007;19;No
13121071001;19;No
13122061001;19;No
13122101005;19;No
13124021001;19;No
13124061008;19;No
13124061014;19;No
13125011005;19;No
13125021007;19;No
13125021016;19;No
13125041001;19;No
13126011001;19;No
13126051001;19;No
13130021003;19;No
13130061002;19;No
13131041001;19;No
13131071003;19;No
13132031001;19;No
13132041002;19;No
13201041004;19;No
13201061002;19;No
13201061004;19;No
13201171001;19;No
13201171004;19;No
13201191003;19;No
13401041001;19;No
13401081007;19;No
13401091003;19;No
13401101002;19;No
13601041003;19;No
13104041002;20;No
13105051004;20;No
13105071002;20;No
13110031002;20;No
13110041001;20;No
13110071005;20;No
13110091004;20;No
13110101002;20;No
13110111002;20;No
13110111005;20;No
13110151001;20;No
13111081003;20;No
13114071003;20;No
13114081004;20;No
13115011012;20;No
13117021003;20;No
13119061002;20;No
13119071005;20;No
13119071007;20;No
13119071009;20;No
13119201003;20;No
13119201007;20;No
13120041004;20;No
13120091002;20;No
13125011002;20;No
13125041009;20;No
13126051002;20;No
13126091002;20;No
13128071001;20;No
13128071007;20;No
13132041004;20;No
13201071006;20;No
13201121003;20;No
13201121005;20;No
13201181001;20;No
13401081002;20;No
13401081004;20;No
13401091002;20;No
13401101006;20;No
13404061001;20;No
13501021003;20;No
13603021002;20;No
13102041002;21;Sí
13103061003;21;Sí
13103071003;21;Sí
13105071003;21;Sí
13110061002;21;Sí
13110101003;21;Sí
13110111001;21;Sí
13110111003;21;Sí
13110171003;21;Sí
13111071002;21;Sí
13113031001;21;Sí
13113071001;21;Sí
13114051001;21;Sí
13114081001;21;Sí
13114101005;21;Sí
13114141001;21;Sí
13115021005;21;Sí
13115041004;21;Sí
13117041003;21;Sí
13119021007;21;Sí
13119021009;21;Sí
13119071011;21;Sí
13119141003;21;Sí
13120111007;21;Sí
13124021006;21;Sí
13125011001;21;Sí
13127131001;21;Sí
13131051004;21;Sí
13132041008;21;Sí
13132051001;21;Sí
13201021001;21;Sí
13201141005;21;Sí
13201191012;21;Sí
13401031003;21;Sí
13401061004;21;Sí
13401081001;21;Sí
13402011010;21;Sí
13501021006;21;Sí
13601041002;21;Sí
13603021003;21;Sí
13605011005;21;Sí
13105041002;22;Sí
13109031003;22;Sí
13110061005;22;Sí
13111041002;22;Sí
13112031003;22;Sí
13113051004;22;Sí
13114051002;22;Sí
13114071004;22;Sí
13114081003;22;Sí
13114101001;22;Sí
13115011007;22;Sí
13116041003;22;Sí
13119171003;22;Sí
13119171004;22;Sí
13119191007;22;Sí
13122111003;22;Sí
13124061022;22;Sí
13125021008;22;Sí
13125021013;22;Sí
13125041012;22;Sí
13128061002;22;Sí
13128071004;22;Sí
13131031002;22;Sí
13132041001;22;Sí
13201041003;22;Sí
13201051010;22;Sí
13201101006;22;Sí
13201191011;22;Sí
13301011003;22;Sí
13401081006;22;Sí
13402051001;22;Sí
13601011004;22;Sí
13601041004;22;Sí
13105061004;23;Sí
13105081002;23;Sí
13109011002;23;Sí
13110061004;23;Sí
13110171005;23;Sí
13110191003;23;Sí
13111021001;23;Sí
13111071001;23;Sí
13111071005;23;Sí
13112041001;23;Sí
13112051006;23;Sí
13114071001;23;Sí
13115011009;23;Sí
13116071001;23;Sí
13119091001;23;Sí
13119141008;23;Sí
13119201011;23;Sí
13121071003;23;Sí
13122051001;23;Sí
13124061001;23;Sí
13124061003;23;Sí
13124061017;23;Sí
13125041005;23;Sí
13126081003;23;Sí
13130021002;23;Sí
13201021005;23;Sí
13201041005;23;Sí
13201091001;23;Sí
13501011004;23;Sí
13601011001;23;Sí
13605011004;23;Sí
13103051002;24;Sí
13104101002;24;Sí
13106081005;24;Sí
13110041002;24;Sí
13110081001;24;Sí
13114051004;24;Sí
13114101004;24;Sí
13116051001;24;Sí
13118011001;24;Sí
13119051007;24;Sí
13119061001;24;Sí
13119071010;24;Sí
13119081003;24;Sí
13119101001;24;Sí
13119171005;24;Sí
13120021003;24;Sí
13122051005;24;Sí
13122111002;24;Sí
13122111005;24;Sí
13125021005;24;Sí
13131051002;24;Sí
13201051007;24;Sí
13201061006;24;Sí
13201071007;24;Sí
13201101002;24;Sí
13201111001;24;Sí
13201191007;24;Sí
13401111001;24;Sí
13402011001;24;Sí
13601011003;24;Sí
13602011005;24;Sí
13605031006;24;Sí
13105031001;25;Sí
13111051004;25;Sí
13113051001;25;Sí
13113071005;25;Sí
13115011004;25;Sí
13118021007;25;Sí
13119021004;25;Sí
13119201005;25;Sí
13119211005;25;Sí
13120101007;25;Sí
13121041003;25;Sí
13122111001;25;Sí
13124051003;25;Sí
13125041010;25;Sí
13126081001;25;Sí
13201051008;25;Sí
13201101005;25;Sí
13201111002;25;Sí
13201121002;25;Sí
13402031002;25;Sí
13402041001;25;Sí
13110091002;26;Sí
13110101005;26;Sí
13114041003;26;Sí
13114141003;26;Sí
13115041001;26;Sí
13119021003;26;Sí
13119051005;26;Sí
13119181006;26;Sí
13119181008;26;Sí
13119211001;26;Sí
13121011002;26;Sí
13124061024;26;Sí
13201191005;26;Sí
13105081005;27;Sí
13105101002;27;Sí
13110081004;27;Sí
13111061001;27;Sí
13114141002;27;Sí
13114161004;27;Sí
13119021010;27;Sí
13119071001;27;Sí
13119141009;27;Sí
13121061002;27;Sí
13122031003;27;Sí
13122091002;27;Sí
13123051001;27;Sí
13125041007;27;Sí
13127041002;27;Sí
13130071002;27;Sí
13201081002;27;Sí
13201101003;27;Sí
13201191002;27;Sí
13201191010;27;Sí
13107011004;28;Sí
13109031001;28;Sí
13115011001;28;Sí
13119191006;28;Sí
13120051002;28;Sí
13124061021;28;Sí
13201171002;28;Sí
13404061002;28;Sí
13111071003;29;Sí
13113071002;29;Sí
13114161003;29;Sí
13118021004;29;Sí
13119071002;29;Sí
13119161002;29;Sí
13119161003;29;Sí
13119201009;29;Sí
13119211004;29;Sí
13121011003;29;Sí
13125021010;29;Sí
13125021020;29;Sí
13125041011;29;Sí
13201081001;29;Sí
13201181009;29;Sí
13110081002;30;Sí
13110111007;30;Sí
13114061001;30;Sí
13119141007;30;Sí
13119191003;30;Sí
13119191009;30;Sí
13119201004;30;Sí
13119221003;30;Sí
13201081005;30;Sí
13201121004;30;Sí
13201141002;30;Sí
13601011002;30;Sí
13112021001;31;Sí
13113061001;31;Sí
13114041001;31;Sí
13119071012;31;Sí
13119191004;31;Sí
13124061018;31;Sí
13201111003;31;Sí
13201141003;31;Sí
13201141004;31;Sí
13114091003;32;Sí
13118031001;32;Sí
13119201008;32;Sí
13124061002;32;Sí
13124061007;32;Sí
13110061006;33;Sí
13113061002;33;Sí
13119191002;33;Sí
13124061009;33;Sí
13201171007;33;Sí
13201191008;33;Sí
13201101004;34;Sí
13114151003;35;Sí
13119211003;35;Sí
13122031007;35;Sí
13201081007;35;Sí
13201091004;35;Sí
13201171006;35;Sí
13103021001;36;Sí
13201081004;36;Sí
13201191009;36;Sí
13103091003;37;Sí
13110081003;37;Sí
13114071002;37;Sí
13119021005;37;Sí
13119141004;37;Sí
13201161007;37;Sí
13122111004;38;Sí
13201091003;38;Sí
13201171005;38;Sí
13115011010;39;Sí
13119071003;39;Sí
13114041002;40;Sí
13115011008;40;Sí
13122031002;40;Sí
13201081003;40;Sí
13201161003;40;Sí
13201191006;40;Sí
13110091005;41;Sí
13111071004;42;Sí
13113051003;42;Sí
13113021002;43;Sí
13119021006;43;Sí
13119171001;43;Sí
13201191001;44;Sí
13122031005;45;Sí
13122031006;47;Sí
13132031002;47;Sí
13114151001;96;Sí
